{
    "Am1": {
        "peaks_ppm": [
            5.370562,
            5.335292,
            5.298675,
            3.400347,
            3.371343,
            2.269367,
            2.24172,
            2.213912,
            1.289738
        ]
    },
    "Am2": {
        "peaks_ppm": [
            5.367203,
            5.334724,
            5.297045,
            3.402438,
            2.870487,
            2.790488,
            2.715288,
            2.367014,
            2.339051,
            2.294666,
            2.264434,
            2.215204,
            2.187678,
            2.047118,
            2.016063,
            1.984334,
            1.282827,
            0.07474
        ]
    },
    "Thio": {
        "peaks_ppm": [
            7.340955,
            7.306614,
            7.274532,
            7.226239,
            7.160879,
            7.057807,
            6.97361,
            6.944026,
            5.369436,
            5.334857,
            5.296652,
            1.516427
        ]
    },
    "Iso": {
        "peaks_ppm": [
            7.7383,
            7.585724,
            5.37024,
            5.335237,
            5.29601,
            1.517627
        ]
    },
    "Am3": {
        "peaks_ppm": [
            7.314411,
            7.20844,
            6.643674,
            6.537381,
            5.366617,
            5.335397,
            5.296582,
            3.892206,
            2.979935,
            2.458494,
            1.592346,
            1.525185
        ]
    }
}