{
    "7": {
        "1.33": {
            "LC_Area": 0.9051677802342892,
            "MS_Hits": []
        },
        "1.45": {
            "LC_Area": 0.09483221976571087,
            "MS_Hits": [
                {
                    "mz_value": 387.9985046386719,
                    "mode": "ES+",
                    "formula": "Am1_Iso_Pyr [M+H]+",
                    "charge": "1",
                    "mz_expected": 388.08,
                    "time": 1.49900005
                }
            ]
        },
        "MS_PASS": true
    },
    "8": {
        "1.11": {
            "LC_Area": 0.6248463780126241,
            "MS_Hits": []
        },
        "1.32": {
            "LC_Area": 0.3333864083989798,
            "MS_Hits": []
        },
        "2.56": {
            "LC_Area": 0.04176721358839609,
            "MS_Hits": []
        },
        "MS_PASS": false
    },
    "9": {
        "1.33": {
            "LC_Area": 0.44702075676168346,
            "MS_Hits": []
        },
        "2.09": {
            "LC_Area": 0.3623487757290096,
            "MS_Hits": [
                {
                    "mz_value": 402.1210021972656,
                    "mode": "ES+",
                    "formula": "Am2_Iso_Pyr [M+H]+",
                    "charge": "1",
                    "mz_expected": 402.09999999999997,
                    "time": 2.1356667000000003
                }
            ]
        },
        "2.49": {
            "LC_Area": 0.190630467509307,
            "MS_Hits": []
        },
        "MS_PASS": true
    },
    "10": {
        "1.15": {
            "LC_Area": 0.0586146807553464,
            "MS_Hits": []
        },
        "1.32": {
            "LC_Area": 0.3974447915175405,
            "MS_Hits": []
        },
        "1.64": {
            "LC_Area": 0.5439405277271131,
            "MS_Hits": []
        },
        "MS_PASS": false
    },
    "11": {
        "1.32": {
            "LC_Area": 0.1871811695763294,
            "MS_Hits": []
        },
        "2.30": {
            "LC_Area": 0.49625381876866625,
            "MS_Hits": [
                {
                    "mz_value": 450.0633239746094,
                    "mode": "ES+",
                    "formula": "Am3_Iso_Pyr [M+H]+",
                    "charge": "1",
                    "mz_expected": 450.09999999999997,
                    "time": 2.3473332833333336
                },
                {
                    "mz_value": 490.91455078125,
                    "mode": "ES+",
                    "formula": "Am3_Iso_Pyr [M+CH3CN+H]+",
                    "charge": "1",
                    "mz_expected": 491.12,
                    "time": 2.3473332833333336
                }
            ]
        },
        "2.77": {
            "LC_Area": 0.3165650116550044,
            "MS_Hits": []
        },
        "MS_PASS": true
    },
    "13": {
        "1.78": {
            "LC_Area": 0.8121809519075059,
            "MS_Hits": [
                {
                    "mz_value": 578.0696411132812,
                    "mode": "ES+",
                    "formula": "Am1_Iso_Zido [M+H]+",
                    "charge": "1",
                    "mz_expected": 578.1600000000001,
                    "time": 1.8315000333333333
                }
            ]
        },
        "2.04": {
            "LC_Area": 0.18781904809249397,
            "MS_Hits": []
        },
        "MS_PASS": true
    },
    "14": {
        "1.09": {
            "LC_Area": 0.8961283147873468,
            "MS_Hits": []
        },
        "1.56": {
            "LC_Area": 0.07094854772324848,
            "MS_Hits": []
        },
        "2.07": {
            "LC_Area": 0.032923137489404626,
            "MS_Hits": []
        },
        "MS_PASS": false
    },
    "15": {
        "1.79": {
            "LC_Area": 0.8286146845145989,
            "MS_Hits": [
                {
                    "mz_value": 592.1950073242188,
                    "mode": "ES+",
                    "formula": "Am2_Iso_Zido [M+H]+",
                    "charge": "1",
                    "mz_expected": 592.1800000000001,
                    "time": 1.8339999666666666
                }
            ]
        },
        "2.10": {
            "LC_Area": 0.1713853154854011,
            "MS_Hits": []
        },
        "MS_PASS": true
    },
    "16": {
        "1.07": {
            "LC_Area": 0.5217518331614588,
            "MS_Hits": []
        },
        "1.13": {
            "LC_Area": 0.23577935785982707,
            "MS_Hits": []
        },
        "1.37": {
            "LC_Area": 0.20575033178394186,
            "MS_Hits": [
                {
                    "mz_value": 490.1545104980469,
                    "mode": "ES+",
                    "formula": "Am2_Thio_Zido [M+H]+",
                    "charge": "1",
                    "mz_expected": 490.17,
                    "time": 1.4140000000000001
                }
            ]
        },
        "1.64": {
            "LC_Area": 0.03671847719477229,
            "MS_Hits": []
        },
        "MS_PASS": true
    },
    "17": {
        "1.07": {
            "LC_Area": 0.35920164192045917,
            "MS_Hits": []
        },
        "1.99": {
            "LC_Area": 0.21267627111996049,
            "MS_Hits": [
                {
                    "mz_value": 640.1466064453125,
                    "mode": "ES+",
                    "formula": "Am3_Iso_Zido [M+H]+",
                    "charge": "1",
                    "mz_expected": 640.1800000000001,
                    "time": 2.03733335
                }
            ]
        },
        "2.34": {
            "LC_Area": 0.4281220869595805,
            "MS_Hits": []
        },
        "MS_PASS": true
    }
}