{
    "7": {
        "Am1_Iso_Pyr [M+H]+": {
            "1": 388.08
        },
        "Am1_Iso_Pyr [M+CH3CN+H]+": {
            "1": 429.10999999999996
        },
        "Am1_Iso_Pyr [M+Na]+": {
            "1": 410.06
        },
        "Am1_Iso_Pyr [M+K]+": {
            "1": 426.03999999999996
        }
    },
    "8": {
        "Am1_Thio_Pyr [M+H]+": {
            "1": 286.07
        },
        "Am1_Thio_Pyr [M+CH3CN+H]+": {
            "1": 327.1
        },
        "Am1_Thio_Pyr [M+Na]+": {
            "1": 308.05999999999995
        },
        "Am1_Thio_Pyr [M+K]+": {
            "1": 324.03
        }
    },
    "9": {
        "Am2_Iso_Pyr [M+H]+": {
            "1": 402.09999999999997
        },
        "Am2_Iso_Pyr [M+CH3CN+H]+": {
            "1": 443.12
        },
        "Am2_Iso_Pyr [M+Na]+": {
            "1": 424.08
        },
        "Am2_Iso_Pyr [M+K]+": {
            "1": 440.04999999999995
        }
    },
    "10": {
        "Am2_Thio_Pyr [M+H]+": {
            "1": 300.09
        },
        "Am2_Thio_Pyr [M+CH3CN+H]+": {
            "1": 341.12
        },
        "Am2_Thio_Pyr [M+Na]+": {
            "1": 322.07
        },
        "Am2_Thio_Pyr [M+K]+": {
            "1": 338.04999999999995
        }
    },
    "11": {
        "Am3_Iso_Pyr [M+H]+": {
            "1": 450.09999999999997
        },
        "Am3_Iso_Pyr [M+CH3CN+H]+": {
            "1": 491.12
        },
        "Am3_Iso_Pyr [M+Na]+": {
            "1": 472.08
        },
        "Am3_Iso_Pyr [M+K]+": {
            "1": 488.04999999999995
        }
    },
    "13": {
        "Am1_Iso_Zido [M+H]+": {
            "1": 578.1600000000001
        },
        "Am1_Iso_Zido [M+CH3CN+H]+": {
            "1": 619.19
        },
        "Am1_Iso_Zido [M+Na]+": {
            "1": 600.1400000000001
        },
        "Am1_Iso_Zido [M+K]+": {
            "1": 616.12
        }
    },
    "14": {
        "Am1_Thio_Zido [M+H]+": {
            "1": 476.15000000000003
        },
        "Am1_Thio_Zido [M+CH3CN+H]+": {
            "1": 517.1800000000001
        },
        "Am1_Thio_Zido [M+Na]+": {
            "1": 498.14
        },
        "Am1_Thio_Zido [M+K]+": {
            "1": 514.11
        }
    },
    "15": {
        "Am2_Iso_Zido [M+H]+": {
            "1": 592.1800000000001
        },
        "Am2_Iso_Zido [M+CH3CN+H]+": {
            "1": 633.2
        },
        "Am2_Iso_Zido [M+Na]+": {
            "1": 614.1600000000001
        },
        "Am2_Iso_Zido [M+K]+": {
            "1": 630.13
        }
    },
    "16": {
        "Am2_Thio_Zido [M+H]+": {
            "1": 490.17
        },
        "Am2_Thio_Zido [M+CH3CN+H]+": {
            "1": 531.2
        },
        "Am2_Thio_Zido [M+Na]+": {
            "1": 512.1500000000001
        },
        "Am2_Thio_Zido [M+K]+": {
            "1": 528.13
        }
    },
    "17": {
        "Am3_Iso_Zido [M+H]+": {
            "1": 640.1800000000001
        },
        "Am3_Iso_Zido [M+CH3CN+H]+": {
            "1": 681.2
        },
        "Am3_Iso_Zido [M+Na]+": {
            "1": 662.1600000000001
        },
        "Am3_Iso_Zido [M+K]+": {
            "1": 678.13
        }
    }
}